{"tissue_hires_scalef": 0.06692321, "tissue_lowres_scalef": 0.020076962, "fiducial_diameter_fullres": 384.04916498120923, "spot_diameter_fullres": 237.7447211788438}